text,label,pred
Text 1 33737001 with some extra tokens,1,0.5080475211143494
Text 2 33737001,0,0.5012295842170715
Text 3 33737001,1,0.5023064017295837
Text 4 33737001,0,0.5015833973884583
Text 5 33737001,1,0.5041080117225647
Text 6 33737001,0,0.5035416483879089
Text 7 33737001,1,0.5053743124008179
Text 8 33737001,0,0.5043752789497375
Text 9 33737001,1,0.5045527815818787
Text 10 33737001,0,0.5017917156219482
