text,label,pred
Text 1 59282003,1,0.5683761835098267
Text 2 59282003,0,0.5704084038734436
Text 3 59282003,1,0.5713139176368713
Text 4 59282003,0,0.5724347829818726
Text 5 59282003,1,0.5707025527954102
Text 6 59282003,0,0.5708276629447937
Text 7 59282003,1,0.5701749920845032
Text 8 59282003,0,0.5699170827865601
Text 9 59282003,1,0.5710329413414001
Text 10 59282003,0,0.5693169832229614
Text 11 59282003,0,0.5708638429641724
Text 12 59282003,0,0.5682891011238098
